characters,0
flora_(twokinds),997
natani,778
keith_keiser,775
kathrin_vaughan,689
trace_legacy,682
raine_silverlock,455
laura_(twokinds),404
zen_(twokinds),299
sythe_(twokinds),282
mike_(twokinds),282
lady_nora_(twokinds),278
mrs._nibbly,261
madelyn_adelaide,248
madam_reni_(twokinds),246
maren_taverndatter,235
roselyn_(twokinds),213
maeve_(twokinds),207
karen_taverndatter,177
evals,176
database_error_(twokinds),159
clovis_(twokinds),151
adira_riftwall,150
eric_vaughan,137
willow_wisp,123
king_adelaide,106
keiren_(twokinds),87
alice_reed,83
tiger_trace,73
saria_legacy,71
brutus_(twokinds),55
windstraw_kidwell,52
lynn_(twokinds),52
amelia_(twokinds),49
nickolai_alaric,48
sarah_(twokinds),44
euchre,41
lynx_prince_(twokinds),36
therie_sah-van,36
daniels_(twokinds),35
roberto_(twokinds),32
hazel_(twokinds),30
mary_silverlock,29
stoneward,26
sealeen_(twokinds),26
youngtani,26
chimera_(twokinds),21
landen_(twokinds),21
erilas_(twokinds),20
samantha_potts,19
colin_(twokinds),18
remus_(twokinds),17
female_explorer,17
background_character,17
cathleen_keiser,16
nameless_character,16
victoria_(twokinds),15
female_snow_basitin,15
brin_(twokinds),15
carver_(twokinds),15
cornelius_keiser,15
guardian_(twokinds),14
fidget_(elysian_tail),14
matriarch_dahlia,13
dj_dragon_(twokinds),13
iris_(twokinds),13
captain_jenny_(twokinds),13
magpie_(twokinds),13
wolfie_(twokinds),13
cassidy_(twokinds),12
romulus_(twokinds),12
detritus_(twokinds),12
sivil,12
brahn,11
dragongirl_wrinry,11
aerith_(twokinds),11
colleen_(twokinds),11
raccoon_girl_(tom_fischbach),11
nekonny_(fursona),10
lilith_(twokinds),10
dust_(elysian_tail),10
florence_ambrose,10
tigress_noble_(twokinds),10
koan_(twokinds),10
nayana_(twokinds),10
the_wisp_mother_(twokinds),9
merenda_(twokinds),9
ivy_(twokinds),9
mikes_reindeer_(twokinds),9
maeve_riftwall,8
flora's_mom_(twokinds),8
kate_summers,8
kimi_(caribbean_blue),6
tina_(caribbean_blue),6
ahnassi,6
flirty_basitin_(twokinds),6
mihari,5
saria_au_gruhen,5
krystal_(star_fox),5
maddies_father_(twokinds),5
captain_reis,5
general_armstrong,5
warren_(twokinds),5
roan_(twokinds),5
nyna,5
ephemeral_(twokinds),5
kaylia_(twokinds),5
kieren,4
frisk_(undertale),4
brahn's_daughter,4
fennel_(twokinds),4
mzzkiti,4
zofie_(fluff-kevlar),4
naoki_(kameloh),4
general_alabaster,4
albion_alabaster,4
ember_(bloodline),4
eris_(twokinds),4
anonymous_character,3
leia_organa,3
aster_alabaster,3
lofi_hip_hop_radio_girl,3
flora's_dad_(twokinds),3
roderick_vaughan,3
bob_(twokinds),3
eternal_(twokinds),3
santa_claus,3
fan_character,3
sirius_(twokinds),3
mercurial_(twokinds),3
rain_silves,3
mary_sanderson,2
yuki_(caribbean_blue),2
nuka-girl_(fallout),2
rieko_(yosh),2
kessah,2
winifred_sanderson,2
patrick_star,2
west_basitin_guard,2
yzma,2
natani_and_flora's_son,2
kieri_suizahn,2
loona_(helluva_boss),2
king_arthur_(monty_python),2
michiru_kagemori,2
vehra_(twokinds),2
sarah_sanderson,2
m'ress,2
tiggs,2
lifts-her-tail,2
spongebob_squarepants_(character),2
liya_(narikusha),2
tharkis,2
templar_knight,2
tala_(fluff-kevlar),2
nchan_(caribbean_blue),2
kronk,2
bob_ross,2
aurora_(twokinds),2
asriel_dreemurr,2
asuka_langley_soryu,2
aura_(moomanibe),2
ara_(fluff-kevlar),2
freya_crescent,2
doodlebob,2
buwaro_elexion,2
ayn_(fluff-kevlar),2
bowser,2
scot_(thescottishdeer),1
bushi,1
bunny_raven,1
bunbun_npc_(undertale),1
sapphire_(hunterx90),1
sayaka_miki,1
sereth,1
bue_(character),1
samurai_jack_(character),1
shantae,1
sheriff_of_nottingham,1
sierra_(kameloh),1
sir_bedevere_(monty_python),1
sir_hiss,1
bruskit_(bruskit),1
sly_cooper,1
cam_hartley,1
jay_savarsk,1
starfire_(teen_titans),1
red_(transistor),1
protagonist_(subnautica),1
psylocke,1
puss_in_boots_(dreamworks),1
quinn_malachite,1
crimson_(lima9er),1
crewmate_(among_us),1
rainbow_dash_(mlp),1
coffee_elemental,1
rauru_(tears_of_the_kingdom),1
raven_(dc),1
raz_(draconia_chronicles),1
red_savarin,1
ryo-ohki,1
clay_briarthorn,1
rhea_snaketail,1
cinnamon_(undertale),1
rimara_ravenwood,1
cheshire_cat,1
cerberus_(helltaker),1
robin_hood,1
catra_(clicker_heroes),1
cat_starfire,1
carmelita_fox,1
ruby_rose,1
camaris,1
taffy_(las_lindas),1
statue_of_liberty,1
vivi_ornitier,1
anzi,1
west,1
ambient_impostor_(among_us),1
wiggle_fox,1
wildfire,1
amaterasu_(okami),1
alyx_vance,1
alric_kyznetsov,1
winry_rockbell,1
alphonse_elric,1
wonder_woman,1
xiu_(razorfox),1
yooka,1
aisaka_taiga,1
aindreas_mcallister,1
yukina_(nekonny),1
ahrah,1
zechariah_ashman,1
aerie,1
zoe_abrahm,1
aelris_(actualaelris),1
vivian_(bloodline),1
apostrophe,1
bluestreak,1
april,1
black_knight_(monty_python),1
prince_john,1
te_(character),1
tea_(chaoskettle),1
terra_(terrathewizard),1
aurora_(ordithus),1
auri_(bethellium),1
tigger,1
asriel_dreemurr_(god_form),1
tim_the_enchanter,1
ariah_(bloodline),1
tiny_tina,1
titania_(chromatic_bard),1
toriel,1
torque_(torqueempup),1
trowzer,1
turaiel_(turaiel),1
tyla_(jesonite),1
undyne,1
unnamed_character,1
vanillia,1
princess_peach,1
pooh_bear,1
jaya_(zakurujay),1
little_red_riding_hood,1
gaius_(prequel),1
kynum_(kynum),1
g-man,1
lamb_(lol),1
frieren,1
laylee,1
freddy_(fnaf),1
foxy_(fnaf),1
foxkeh,1
link,1
fox_mccloud,1
korben_brandis,1
fluttershy_(mlp),1
flonne,1
lucia_(satina),1
fix-it_felix,1
fionn_(madraruaglic),1
lynxy_(enblynx),1
lyra_heartstrings_(mlp),1
felix_sparta,1
fel_(my_life_with_fel),1
ex,1
aegis_(infinitedge),1
general_musclehead,1
madoka_kaname,1
keine_(bloodline),1
john_marston,1
judy_hopps,1
kaliancia,1
kamina_(gurren_lagann),1
jak_(jak_and_daxter),1
jacob_marley,1
iron_man,1
katia_managan,1
impostor_(among_us),1
kaylin_(artificial_incident),1
iliar,1
knell_(twokinds),1
homura_akemi,1
holo_(spice_and_wolf),1
kibbles_(uberquest),1
hali_(character),1
grape_jelly_(housepets!),1
gordon_ramsay,1
kindred_(lol),1
gordon_freeman,1
glados,1
kitty_(kajortoq),1
evelyn_(frienddeathclaw),1
eros_wellstuck,1
peter_(super_squirrel),1
nick_wilde,1
nanachi,1
naomi_(tom_fischbach),1
nari,1
djego_electrolf,1
derpy_hooves_(mlp),1
dekrosna,1
death_(puss_in_boots),1
daxter,1
neutral_(twokinds),1
ni_(nahni),1
dave_(satina),1
doom_slayer,1
nihil_solus,1
niko_(oneshot),1
darren_bradley,1
daisy_(doom),1
optimus_prime,1
owen_coruscare,1
pac-man,1
paladin_enigma,1
cupid,1
peanut_butter_(housepets!),1
nami_(yosh),1
dovahkiin,1
eren_(tk421),1
elh_melizee,1
ephemural,1
maid_marian,1
malenia_(elden_ring),1
elvis_presley,1
mark_ilmarinen,1
mary_ann_(roomies),1
elvira_(mistress_of_the_dark),1
elora,1
elio_(pokemon),1
merchant_(resident_evil),1
edward_elric,1
my_cabbages_(meme),1
ebenezer_scrooge,1
mifune,1
duke_nukem,1
duck_hunt_dog,1
mike_dogford,1
drago_(moondance),1
minerva_mcgonagall,1
mint_(tom_fischbach),1
mrs._amp_(mramp),1
dr_rabbit_(tomtc),1
zuko,1
